{
	"changeLogs": {
		"BDFDB": "1.2.8",
		"BadgesEverywhere": "1.6.3",
		"BetterFriendList": "1.3.2",
		"BetterNsfwTag": "1.2.7",
		"BetterSearchPage": "1.1.7",
		"CharCounter": "1.5.0",
		"ChatAliases": "2.2.3",
		"CompleteTimestamps": "1.5.1",
		"CopyRawMessage": "1.1.2",
		"CreationDate": "1.4.0",
		"CustomQuoter": "1.2.3",
		"DisplayServersAsChannels": "1.4.6",
		"EditChannels": "4.2.1",
		"EditServers": "2.2.7",
		"EditUsers": "4.0.9",
		"FriendNotifications": "1.5.6",
		"GoogleSearchReplace": "1.2.9",
		"GoogleTranslateOption": "2.1.2",
		"HideMutedCategories": "1.0.3",
		"ImageUtilities": "4.2.4",
		"JoinedAtDate": "1.2.5",
		"LastMessageDate": "1.2.0",
		"MessageUtilities": "1.8.1",
		"NotificationSounds": "3.5.7",
		"OwnerTag": "1.3.6",
		"PersonalPins": "1.9.9",
		"PinDMs": "1.7.8",
		"PluginRepo": "2.1.1",
		"ReadAllNotificationsButton": "1.6.3",
		"RemoveBlockedMessages": "1.1.8",
		"RemoveNicknames": "1.3.6",
		"ServerCounter": "1.0.3",
		"ServerDetails": "1.0.4",
		"ServerHider": "6.1.9",
		"ShowHiddenChannels": "2.8.7",
		"ThemeRepo": "2.1.1",
		"ThemeSettings": "1.3.0",
		"TimedLightDarkMode": "1.0.9",
		"TopRoleEverywhere": "3.0.5"
	},
	"settings": {
		"showSupportBadges": true,
		"showToasts": true
	}
}