{
	"settings": {
		"changeInActivity": true,
		"changeInAppTitle": true,
		"changeInAuditLog": true,
		"changeInAutoComplete": true,
		"changeInChatTextarea": true,
		"changeInChatWindow": true,
		"changeInContextMenu": true,
		"changeInDmCalls": true,
		"changeInDmHeader": true,
		"changeInDmsList": true,
		"changeInEmojiLog": true,
		"changeInFriendList": true,
		"changeInInviteList": true,
		"changeInMemberList": true,
		"changeInMemberLog": true,
		"changeInMentions": true,
		"changeInQuickSwitcher": true,
		"changeInReactions": true,
		"changeInRecentDms": true,
		"changeInSearchPopout": true,
		"changeInTyping": true,
		"changeInUserAccount": true,
		"changeInUserPopout": true,
		"changeInUserProfile": true,
		"changeInVoiceChat": true
	}
}