{
	"bindings": {
		"Copy_Link": {
			"click": 0,
			"keycombo": [
				17,
				81
			]
		},
		"Copy_Raw": {
			"click": 0,
			"keycombo": [
				17,
				68
			]
		},
		"Delete_Message": {
			"click": 0,
			"keycombo": [
				46
			]
		},
		"Edit_Message": {
			"click": 1,
			"keycombo": []
		},
		"Pin/Unpin_Message": {
			"click": 0,
			"keycombo": [
				17
			]
		},
		"React_to_Message": {
			"click": 0,
			"keycombo": [
				17,
				83
			]
		},
		"Reply_to_Message": {
			"click": 0,
			"keycombo": [
				17,
				84
			]
		},
		"__Note_Message": {
			"click": 0,
			"keycombo": [
				16
			]
		},
		"__Quote_Message": {
			"click": 0,
			"keycombo": [
				17,
				87
			]
		},
		"__Reveal_Spoilers": {
			"click": 0,
			"keycombo": [
				17,
				74
			]
		},
		"__Translate_Message": {
			"click": 0,
			"keycombo": [
				20
			]
		}
	},
	"settings": {
		"Copy_Link": true,
		"Copy_Raw": true,
		"Delete_Message": true,
		"Edit_Message": true,
		"Pin/Unpin_Message": true,
		"React_to_Message": true,
		"Reply_to_Message": true,
		"__Note_Message": false,
		"__Quote_Message": false,
		"__Reveal_Spoilers": false,
		"__Translate_Message": false,
		"addHints": true,
		"clearOnEscape": true
	},
	"toasts": {
		"Copy_Link": true,
		"Copy_Raw": true,
		"Delete_Message": true,
		"Edit_Message": false,
		"Pin/Unpin_Message": true,
		"React_to_Message": false,
		"Reply_to_Message": true
	}
}