{
	"dmCategories": {
		"2608567704257854": {
			"collapsed": false,
			"color": [
				52,
				84,
				219,
				1
			],
			"dms": [
				"780261819494825994",
				"635987967822790656",
				"563489308632416273",
				"785919110370164750",
				"738463371774525452",
				"766877895053803520",
				"790707068205400084"
			],
			"id": "2608567704257854",
			"name": "The Boys",
			"pos": 0
		}
	},
	"preCategories": {
		"blocked": false,
		"friends": false,
		"groups": false
	},
	"settings": {
		"showCategoryAmount": true,
		"showCategoryUnread": true,
		"showPinIcon": true,
		"sortInRecentOrder": false,
		"sortInRecentOrderGuild": false
	}
}